1,그린 북,폭설내리는밤 경찰이 두번째로 주인공이 몰고가는 차를 세웠을때 우린 경찰의 대사나 행동을 예측했을 것이다. 하지만 그 예측 자체가 영화보는내내 우리에게 생긴 편견임을 알고 뒤통수를 맞은 느낌이었다!,10
2,그린 북,우리가 말모이와 스윙키즈처럼 중요한 역사적 소재에 빚지고도 허구의 신파 한가득 버무려놓아 눈물 쥐어짠 걸 의미있는 영화라 자아도취해 있을 동안, 헐리우드는 실화 소재로 이런 '작품'을 배출하는 경지에 ...,10
3,그린 북,하.. 이런 영화가 상영관수, 상영시간을 많이 늘려야 되는데.. 진짜 예고편만 화려한 거품영화만 너무 독차지 하고있으니..아쉽,10
4,그린 북,보고나면 KFC 치킨이 존나 떙기는 영화임..,10
5,그린 북,빗속 셜리의 대사는 소름이 끼쳤다,10
6,그린 북,정말 많은 여운이 남은 영화네요. 꼭 봐야 할 영화입니다,10
7,그린 북,비고 모텐슨 형님 반지의 제왕에서 꽃미남 왕으로 열연하던게 엊그제 같은데 중년 마초역도 멋있잖아..,10
8,그린 북,2019년 아카데미 작품상은 그린 북, 남우조연상은 마허샬라 알리!,10
9,그린 북,경찰관에게 메리크리스마스 하는 장면..너무 조하 따뜻해..,10
10,그린 북,고상함 뒤에 숨겨진 추악함이란.토니의 변화는 놀랍고 셜리의 용기는 존경스럽다.금년 첫 영환데 시작이 좋네요,8
11,그린 북,'우정' 과 '인종 차별' 모두를 아우르는 뛰어난 소재에 뒷받침하는 두 배우들의 뛰어난 '심리적 변화' 에 대한 연기의 디테일. 그리고 덤으로 '음악' 까지....,10
12,그린 북,백인이지만 흑인의 삶을 살고 있는 토니, 흑인이지만 백인의 삶 처럼 살고 있는 셜리. 마침내 서로의 결핍을 충족하고 인종을 떠난 그들의 우정은 앙상한 가지만이 남은 혹한의 1월 우리의 가슴에 자그마한 모닥불을 놓아...,10
13,그린 북,재미있고 유머러스한 영화. 관람 후에 마음에 뭔가 좋은게 생기는 기분,10
14,그린 북,마지막 부분에 경찰관을 의심했던 나마저도 편견을 가지고 있었다..나부터 편견을 버려야 한다는 사실을 깨닫게되었다,10
15,그린 북,입소문 타서 몇백만 관객 들어도 이상하지 않을 영화에요 보기 전엔 뻔해 보여도 실제는 전혀 그렇지 않습니다. 두 배우 연기와 음악 유머로 그냥 빨려들어갑니다. 꼭 보세요 벌써부터 수상내역이 화려한게 아카데미도 기대해...,10
16,그린 북,셜리의 슬픈눈이 계속 생각난다 ㅜㅜ,10
17,그린 북,품격은 우아하지만 너무 차갑고 딱딱할 수 있다. 인간미는 편안하지만 후덥지근한 느슨함이 있다. 품격과 인간미를 서로 주고 받으며 성장하는 어른들을 위한 동화같은 영화. 잔잔하고 따뜻하다.,10
18,그린 북,엉망진창인 한국 영화 만드는 사람들이 꼭 봤음 좋겠다. 사람 이야기는 이렇게 만들었음 좋겠다. 물론 이 영화의 플롯엔 허점이 많다. 그럼에도, 그것을 메우는 건 결국 사람에 대한 관심을 어떻게 녹여낼지에 대한 고민에...,10
19,그린 북,가슴찡하게 울리는 뭔가가 다가옵니다,10
20,그린 북,정말 최고네요 꼭 보세요,10
21,그린 북,런타임이 두시간 더 길어도 될것 같은 영화. 두 캐릭터의 캐미가 너무 좋아서 끝났는데 아쉽다. 더 보고싶다. 잔잔하지만 위트있고 기분좋은 영화. 억지로 웃기거나 억지로 뭔가를 하지않아서 좋았다.,10
22,그린 북,토니의 재치있는 말과 행동이 자칫 무거운 주제를 웃으면서 보게되고, 크리스마스에 나왔으면 좋았을 영화가 지금에서야 나와서 개봉한게 아쉬울따르,10
23,그린 북,디테일이 좋고 음악도 흥겹다. 예측가능해도 거르지 말아야 할 영화,9
24,그린 북,두번째로 등장시킨 경찰씬은 영리하고, 이미 선입견으로 전염된 관객을 관통한다,9
25,그린 북,최근 몇년동안 본 영화 중 최고의 수작,. 음악, 연기,메시지, 성장 스토리를 중심으로 dignity(품위) 만이 이길수 있다는 마허샬라 알리의 연기가 돋보이는 영화.. 2019년 새해 필수 관람 영화입니다. 또 보...,10
26,그린 북,삶이 지치고 용기가 필요할 때 그린북을 펼쳐보세요.,8
27,그린 북,진짜 너무 재밌다 이런영화가 필요해 이게 영화지,10
28,그린 북,비고 모텐슨 연기가 참 좋았다~,9
29,그린 북,돈 셜리가 흑인 주점 '오렌지 버드'에서 낡은 건반을 앞에 두고 클래식인 쇼팽을 연주할 때 정말 짜릿한 기분이었습니다. 다시 보고 싶네요.,10
30,그린 북,35년 인생 첫 댓글 단다. 여자친구가 시사회 가자고 하여 봤는데.그냥 2019년 최고의 영화일듯 하다. 전세계 적으로 많이 봤으면 한다. 많이 느꼈으면 하고, 누구나 사람은 소중하다. 그 것뿐이다.,10
31,그린 북,누군 피부색 하나 때문에 상상못할 차별을 받는데, 우린 남과 작은 차이 하나만 있다면 편을 갈라 차별하며 욕을 한다. 정말 반성 할 부분이다. 창피하다.,10
32,그린 북,퇴근 후 영화보고 나왔더니 올 겨울 처음으로 겨울이 따뜻하게 느껴졌어요,10
33,그린 북,셜리가 쇼팽의 에튀드를 쳤을때의 짜릿함..,10
34,그린 북,아라곤 형 이런 연기도 가능했었어???,8
35,그린 북,얼마만에 이런 보석 같은 영화를 보는건지. (마허샬라 알리 배우가 너무나도 멋져 눈도 마음도 더욱 즐거웠던 영화!),10
36,그린 북,그린북 없는 세상을 위하여,8
37,그린 북,무식한 백인과 교양있는 흑인 의 처한 현실-전혀 웃기는 영화 아님,10
38,그린 북,여태까지 많은 흑인 소재의 영화가 나왔지만 이 영화의 주인공같은 인물은 없었다. 인종주의가 심했던 사회에서 사회고위층의 흑인이 느끼는 딜레마에 대해 굉장히 흥미롭게 그려냈고 자칫하면 지루할수 있는 소재를 알맞은 호흡...,10
39,그린 북,가슴 따뜻해지는 영화, 끝나고도 기분좋은 여운이 길게 남게되는 영화였어요. 많은분들 꼭 보셔서 새해 첫 영화 스타트 잘 끊으시길 바래요^^,10
40,그린 북,영화 보던 도중 첫인상 때문에 토니는 절대로 호감으로 변할 수 없을 거라고 믿었는데... 어떻게 이리 캐릭터가 매력 넘칠까요 ㅋㅋㅠㅠ둘이 캐미가 너무 좋았어요! 영화 진짜 재미있게 봤습니다,10
41,그린 북,이게 영화지. 이게 예술이고. 이게 우리의 삶이지... 한국영화 반성합시다.,10
42,그린 북,최고의 영화. 의미가있는영화,10
43,그린 북,그렇게까지 차별대우를 받는지 몰랐다.좋은 영화였다. 그린북을 만든 최초의 사람에게 경의를 보낸다.,10
44,그린 북,인생영화 하나 나왔네요!! 강추합니당,10
45,그린 북,마지막 경관 너무 멋있어.. 메리크리스마스 젠틀맨~,10
46,그린 북,정말 오랜만에 평점을 주고 싶어서 일부러 로그인했네요, 2시간 동안 아름답고 따뜻한 동화 속에 들어가 있다 나온 기분이에요 작년 크리스마스때 개봉했으면 더 좋았을텐데 아쉬워요. 두 사람을 모두 성장시키는 우정이 너무...,10
47,그린 북,이런 영화는 입소문 내야해요. 관이 이렇게 없어서야... 너무 늦은 시간이라 2시간반 졸며보나했더니 보다보니 어느새 작별타임이더라고요. 유색인차별을 너무 무겁지도않게 가볍지도 않게 다뤘네요. 눈과 귀가 즐거우며 가...,10
48,그린 북,최고.. 정말최고.. 그냥보세요 언터처블1%우정에 버금가는 감동.. 아.. 또보고싶다. 흑인바에서 연주하던 돈의 피아노연기는 정말최고,10
49,그린 북,영화가 끝나질않길 바라면서 본영화,10
50,그린 북,첼로켜시는분 박원순시장님 닮음,10
51,그린 북,웰메이드(well-made)란 이런 것.,10
52,그린 북,0순위로 추천하고픈 영화네요. 보헤미안렙소디 천만을 띄우려하지말고 이 영화 상영관 좀 늘렸으면 싶네요. 입소문을 타고서라도 흥행하길..재미와 감동... 이어 흥행에도 성공하기를..,10
53,그린 북,감동적입니다~강추합니다..,10
54,그린 북,특정영화관에선 만족하지못하면 환불하는이벤트까지하는데 환불하는사람 없을거같다.멋진영화,9
55,그린 북,처음으로 감상평을 쓰고싶다는 생각이 든 영화.작품 속에서 말하길 백인답지 않은 생활의 백인과 흑인답지 않은 흑인 두 명의 상황을 깊으면서 재치있게 보여줘 가슴이 먹먹해지며 따뜻하다. 교훈을 주려 안달난 것이 아니라 ...,10
56,그린 북,이쪽인지 저쪽인지 구분과 차별이 없어지는 영화.그벽을 허무는 치느님의 힘을 느꼈습니다.,9
57,그린 북,최고예요! 꼭 보세요 지금상영하는 영화중 제일 볼만합니다.,10
58,그린 북,상영을 너무안해요 이렇게좋은영화를;;; 다른거좀 내리고 상영늘려줘요 또보게,10
59,그린 북,재밌습니다. 많은 생각을 할 수 있어 더 좋습니다.,10
60,그린 북,증오로 가득찬 현재 사람들에게 필요한 영화,9
61,그린 북,이렇게 스토리를 풀어가는 방법 좀 배웠으면... 한국 영화가 본받았으면 하는 좋은 교본같은 영화. 정말 끝나고나면 좋은게 생긴 것 같습니다.,10
62,그린 북,스토리도 탄탄하고 감동적이며, 지극히 현실적이어서 더 잘 봤어요. 잔잔한듯 너무재밌고 또 가볍지는 않는 묵직한 영화. 또 보고싶네요.영화 보면서 울컥울컥..,10
63,그린 북,인종차별 당하는 사람의 기분은??백인도 똑같은 백인이 아닌가? 이태리사람도 차별을?역지사지 ??? 참 좋은 4사성어입니다!,8
64,그린 북,강남 cgv에서 9:15 영화 조조로 조지고 오는 길인데 꼭 보세요,10
65,그린 북,시사회로 봤는데 강추합니다!!!많은분들이 보시길ㅋㅋ,10
66,그린 북,Dignity가 무엇인지, 그걸 가진다는것이 왜 필요하고 중요한지 알려주는 영화,9
67,그린 북,요즘 너무 자극적인 영화가 많아, 편안하고 훈훈한 영화를 보고 싶어서 예매를 하여 봤는데, 많은 것을 꺠닫게 해주고 영화에서 인종간의 차별과 편견 뿐만 아니라 사회에서 나타는 다양한 형태의 편견과 낙인 등에 대해 생...,10
68,그린 북,따뜻하고 슬프고 잔잔하게 웃기고 최고였다.억지 눈물도 없고. 아라곤 아저씨 최고,10
69,그린 북,배우들의 연기력이 왜 중요한지 보여주는 영화. 자극적 소재나 컴퓨터 그래픽으로 범벅된 영화에 질렸다면 꼭 보셈. 인간적인 냄새와 배경 음악들이 너무 좋음.,9
70,그린 북,최고의 영화였어요.실제이야기를 바탕으로 만들어졌다니 더 멋집니다. 배우들의 연기도 음악도 연출도 아름다웠어요. 한번 더 볼생각이에요.,10
71,그린 북,켄터키 후라이드 치킨..을 너무 맛있게 먹더라..ㅎㅎ,10
72,그린 북,최근에 본 영화 중 최고다. 난 이런 영화가 좋더라. 특히 둘의 우정은 빛났다.,10
73,그린 북,베댓에 "2019년 아카데미 작품상은 그린 북, 남우조연상은 마허샬라 알리!" 라고 쓴분 뭐지..? 1월 9일날 남긴 글이던데.. 돗자리 까셔야할듯..ㄷㄷㄷ 아카데미 오늘 했는데 댓글보고 개놀랐네..,10
74,그린 북,심야로 보는데 치킨 시킬 뻔 했다.,10
75,그린 북,진짜 힐링영화란 이런것,10
76,그린 북,말모이보다 훨씬 났습니다. 이거 보세요 제발.,10
77,그린 북,왜 일위가아닌지모르겠네요,10
78,그린 북,컵을 버리기부터 친구를 위하기까지,8
79,그린 북,하아....너무좋다 다른말필요없음 한가지아쉬운건 크리스마스에봤음더좋았을걸,10
80,그린 북,보헤미안 랩소디 못지않은감동스런 영화였습니다,10
81,그린 북,주인공 돈 셜리.넘 멋지고 기품있어요.피아노 연주&음악 모두 좋아요.어디에도 속하지 못한 돈 셜리의 외로움...보랩을 잇는 감동 실화&음악영화.중간중간에 웃음포인트도 있어서 기분좋게 봤어요.강추!!!,10
82,그린 북,턱을 올리며 자신의 존엄성을 확보하고 싶었던 셜리 박사가 다소곳하게 토니의 집을 방문했을 때, 손 내밀 줄 알게 된 그의 용기에 혼자 눈물 그렁거렸습니다.,10
83,그린 북,다루고 있는 내용때문에 혹시나 지루하지않을까 걱정했는데 두 주인공의 연기와 케미가 빛나는 잘 만들어진 영화네요 ㅎㅎ 잔잔한 웃음코드도 있어서 정말 재미있게 봤습니다 여운도 있고 ㅎㅎ,10
84,그린 북,보는 내내 너무나 어이없는 인종차별을 보고 나는 올곧이 셜리 편에 서서 그를 이해한다고 생각했다. 하지만 마지막 경찰관의 행동을 당연시하며 예측하게될때 어느새 나 또한 그의 반대편에 서서 오직 나의 선함을 위해 그...,9
85,그린 북,말모이, 스윙키즈 같이 뻔한 신파 억지감동 영화보다 백만배 낫다. 보고나면 정말 여운이 많이 남는 영화...,10
86,그린 북,그린북은 1번 보고 2번 보고 계속 볼수록 더 감명받음..,10
87,그린 북,영화관에서 봤습니다. 오랜만에 돈이 아깝지 않은 영화 봤어요. 소장하고 편견 선입견이 생길때 타인을 이해하고 싶은때 보고싶어요,10
88,그린 북,시대의 부끄러움을 연주하는 가장 아름다운 방식,10
89,그린 북,두 남자의 연기, 밀도 있는 스토리, 올드팝과 재즈, 중간중간 위트까지.. 크리스마스때 봤음 더 좋을 영화! 최고임다!,10
90,그린 북,잔잔한 다큐처럼 보다가 마지막 경찰의 반전 모습을 보며 이시대에도 편견과 차별로 소외 당하는 이들에게 메리크리스마스 인사같은 사람이 되도록 되뇌이는 ....,8
91,그린 북,잘만든영화. 오렌지버드에서의 연주씬에서 미소가 절로 나왔습니다,10
92,그린 북,정말 꼭 보세요~이런 영화가 순위에서는 밀려난다는게 안타깝습니다~강추!!!!,10
93,그린 북,그 당시 차별받던 흑인들이 그 어떤 몸부림으로도 자유를 쟁취할 수 없던 상황에서 오히려 평온하게 품위를 지키는 모습을 통해서 흑인을 무시하고 억압하던 백인들이 스스로의 모순을 깨닫고 잘못을 알게되는것이 아닐까 하는...,10
94,그린 북,따뜻하다. 근데 가볍지 않다. 말해뭐하는가,10
95,그린 북,이런 영화는 지속적으로 들어와주면 좋겠습니다.대중성에서 빗나가 있지만 그린북은 제게 깊은 생각을 허락한 영화입니다.감사합니다.,9
96,그린 북,꼭봐야된다 스크린독점하는쓰레기영화는 치우고 이거나 많이올려라..,10
97,그린 북,이게 영화다. 역사가지고 신파극 눈물질질빼는 클리셰 떡칠이 영화가 아니라 이게 영화다,9
98,그린 북,다름은 잘못도 아니고 틀린것도 아닌데 편견이 얼마나 슬픈지 느끼게 되네요,10
99,그린 북,+2 평점 10점이 부족한 영화, 웃음도있고 감동도있고 많은 생각을 하게하는 이야기, 인생영화, 사랑스러운 영화, 상영시간 상영관 좀 늘려주지.... 이런영화를...,10
100,그린 북,이 작품은 올해 Top5 안에 든다 정말 너무 좋은 작품,10
101,그린 북,서로에 대한 편견을 깨고 신뢰를 주게 하는 따뜻한 영화. 또한 중간중간 나오는 능청스러우며 유머러스한 장면들과 인상깊은 명대사들. 이런 영화야말로 국내 상영관 수를 더욱 늘려야 한다고 생각한다.,10
102,그린 북,정말 재밌게 봤습니다. 이 영화 개봉관을 늘려주어야 할 것 같습니다. 스토리가 너무 좋고 처음부터 마지막까지 서서히 감동이 밀려옵니다. 최고의 영화였습니다! 보다 많은 분들이 볼 수 있도록 해주세요.,10
103,그린 북,실화를 바탕으로 한 영화를 워낙 좋아하는데 역시나 실망시키지 않네요. 또 한번 보러갈 생각이예요!,10
104,그린 북,정말 재밌습니다 지루할 틈이 없었구요 아카데미 괜히 오른게 아니군요 웃긴 장면도 많았구요 강추입니다!!!,10
105,그린 북,따뜻한 영화. 더 많은 상영관에서 많은 사람들이 볼 수 있으면 좋겠네요,9
106,그린 북,영상미와 영화OST ..여운이 남네요마지막 부분 통쾌하면서도 따뜻한 영화입니다. .메타포가 아닌 관객이 직접 느낄수있는 품격있는 영화입니다,10
107,그린 북,이런게 영화다!!! 그외 무슨 말이 필요할까..,10
108,그린 북,무거운 주제를 따뜻하게 풀어냈네요,8
109,그린 북,영화에 웃음과감동을 조화롭게 만들엇습니다,10
110,그린 북,2019년 최고의 영화를 벌써 본 것 같습니다.,10
111,그린 북,햐~ 상영관 찾기 힘들다... 극장 스크린은 유치한것으로 채워있고, 이런 작품은 상영관 찾기 힘들고... 선택의 폭을 더 넓혀줬음 하네요~ ㅠ,10
112,그린 북,영화보고나니 kfc 치킨이 땡기네요.,10
113,그린 북,2019년 아카데미 작품상과 남우주연상이 부디 이 작품에 가길 바랍니다. 연출, 시나리오, 배우들의 연기 모두 매우 훌륭한 수작이었습니다.,10
114,그린 북,정말 간만에 영화다운 영화를 봤습니다. 보는 것만으로도 이렇게 행복해지고 문화생활을 정말 제대로 했다는 느낌이 드는...것도 참 오랜만이네요.,10
115,그린 북,이런 영화를 볼 수 있어서 감사합니다.,10
116,그린 북,차별이라는 것은 눈 앞에 목도하기 전까지는 와닿지 않죠. 다소 뜬금없는 얘기일수도 있습니다만 제 옆에 있는 이웃과 남들에게 새삼 제가 불경하게 대했던 것은 아닌지 되돌아보게 만드는 영화였습니다. 같은 사람으로서 와닿...,10
117,그린 북,지루할수있는소재인데 시간가는줄모르고 봤네요상영관이많이없는게아쉬울뿐... 강력추천합니다,10
118,그린 북,최근 몇년간 본 영화 중 가장 좋았어요.,10
119,그린 북,생각보다 평이한 내용이었지만 정말 재미있게 잘 봤어요! 비고 모텐슨과 마허샬라 알리의 케미가 참 좋았어요~ 인종차별이 심하던 시기에 차별을 뛰어넘은 우정.. 이게 실화라니 더 대박이네요!,8
120,그린 북,이게 말모이보다 훨씬 훌륭한 영화다. 상영관 적어서 아쉬울따름. 오랜만에 영화다운 여운을 느꼈다,10
121,그린 북,영화를 보는 내내 편견있는 눈으로 사람들을 보고있던 내가 부끄러웠던 영화,8
122,그린 북,베댓이 현실로 됬네요ㅋㅋㅋ,10
123,그린 북,오랫만에 인생에 두고두고 다시 열어볼 영화를 만났어요 작품성 좋고 따뜻한 영화,10
124,그린 북,모텐슨형 당신이란 배우는 정말...,10
125,그린 북,비고모텐슨이 아내에게 편지를 쓰는 장면이 인상적이었다,10
126,그린 북,1960년대에 인종차별이 그렇게 심했다는게믿겨지지 않네요.,8
127,그린 북,여운이 깊은 영화다. 그 당시 흑인들의 삶에 대해 조금이나마 생각해 보게 되었다. 토니가 조금씩 변해가는 과정과 둘이 교감하는 장면 다 좋았다. 꼭 다시보고 싶은 영화.,10
128,그린 북,힐링시켜주는 영화였습니다 상영관 늘려주세요,10
129,그린 북,신림에 사는데 현재 날짜로 신림에서 상영하는 시간대 낮 12시 1개, 말모이 19개...,10
130,그린 북,말모이,내안의그놈 같은 쓰레기보지말고 이거보세요 두번보세요,10
131,그린 북,마음이 따뜻해용. 편지 대신 써주셔서 감사해용,10
132,그린 북,정말 재미있게 본 영화 2시간이 아깝지 않았다 라는 생각이 들었다,10
133,그린 북,진짜 너무 아름다운 인생작 진짜 수작입니다,10
134,그린 북,보고나면 기분이 절로 좋아지는 영화예요. 영상미 음악 대사 무엇하나 빠지는 게 없지만, 그 무엇보다 배우들의 연기가 이 영화를 살렸어요. 특히 마허샬라알리의 연기는.. 정말 문라이트에서 보던 그 모습이 1%도 없는,...,10
135,그린 북,시나리오, 각본, 연출, 촬영, 음악, 연기 뭐하나 부족한게 없는 10점 만점에 10점 영화에요 재미와 감동 두마리 토끼를 잡기 쉽지 않은데 정말 10점이 아깝지 않은 올해 최고의 영화입니다. 예상컨데 아카데미 작품...,10
136,그린 북,잔잔하게 미소짓게하고 또 아픈 곳을 쿡 찌르게하는 영화. 백인에게도 흑인에게도 소속되지 못한 셜리를 돌로레스처럼 꼭 안아주고싶었다.,8
137,그린 북,비고 모텐슨 연기 정말 최고네요! 영화가 음악도 좋고 여운도 많이 남고 굉장히 좋습니다. 또 보고 싶어요.,10
138,그린 북,아무 정보없이 보러갔다가 첫 피아노 연주를 들었을 때 스스로가 너무 부끄러웠고, 또 무서웠습니다. 차별이란건 무의식 깊숙한 곳에 있군요. 또 이런 차별에 점점 무뎌져가고 있는 게 아닌가 걱정입니다.,10
139,그린 북,은은한 감동을 주는 영화,10
140,그린 북,감명깊게봤습니다 흔치않은 수작입니다,10
141,그린 북,상영관도 너무없어 안타깝네요.잔잔한감동..주인공들의 열연..다좋았습니다,10
142,그린 북,민감한 문제를 유쾌하고 잔잔하게, 하지만 묵직하게 전한 수작입니다. 배우들의 연기, 풍광, 음악도 너무 좋았구요. 상영관이 많지 않아 아쉽지만 많은 분들이 꼭 보셨으면 좋겠어요.,10
143,그린 북,잘 짜여진 각본과 배우들의 힘.훈훈하네~,10
144,그린 북,엄청 잼있음.꼭 봐야할 영화임,10
145,그린 북,하 역시.. 다들 <로마>랑 <더 페이버릿 - 여왕의 여자> 이야기할때 혼자 <그린 북>이 작품상받으면 좋겠다고 계속 생각했는데 결국 내눈이 틀리지않았어. 볼때마다 기분좋아지는 영화 ...,10
146,그린 북,오렌지버드에서 쇼팽을!,10
147,그린 북,상영관 좀 늘려줘라ㅠㅠ 이런 영화가 떠야지,10
148,그린 북,전혀 다른 삶을 살고 있던 둘의 앙상블,8
149,그린 북,꼭 봐라. 두번 봐라. 꼭 봐라. 두번 봐라.,10
150,그린 북,최고에요~진짜 우리나라는 이런영화 마니 안걸고 뭐하는지...,10
151,그린 북,최고네요. 이런 명작이 왜 흥행을 못하는지...,10
152,그린 북,그냥..그냥 보세요..,10
153,그린 북,참 재밌는 영화로서 볼만한 영화임,10
154,그린 북,정말 멋진 로드 앤 버디 무비...,10
155,그린 북,2019년 최고의 영화,10
156,그린 북,개봉 첫날 보게 되었는데 개인적으로 정말 취향이였다. 잔잔한데 전혀 지루하지 않고 처음부터 끝까지 영화속에 녹아들어 몰입할 수 있었다.따뜻하면서도 유쾌하고, ‘차별’에 대해 다시 한번 생각해보게끔 하는 그런 영화,10
157,그린 북,차별과 편견없는 세상의 소중함을 알게 해주는 영화,10
158,그린 북,의외로 재미있네요 특히 셜리 박사역을 맡은 마허샬라 알리의 표정연기는 정말 압권인거 같아요 대사없이 무표정한듯한 얼굴로도 내면의 슬픔을 표현하는 부분에서 정말 감탄했어요 무난한 스토리지만 뛰어난 연기력이 볼만했습니다...,9
159,그린 북,인간관계의 편견 선입견 나아가 차별이 얼마나 무섭고 잔인한것인가!옆에 영감님이 앉길래 오늘 조용히 보긴 글렀다 했는대 2시간동안 숨소리도 안내심 죄송ㅠㅠ,10
160,그린 북,근래에 이런 귀한영화를 본적이 없었는데... 정말 강추입니다. 후회하지 않습니다~~~~****,10
161,그린 북,어떻게 보면 보헤미안 랩소디보다 더 감동적이었다 .. 혼자 보고 너무 감동받아서 엄마데리고 한번 더 보러와야겠다.. 아 여운이 끝내줌,10
162,그린 북,이럼 영화가 상영관이 없어서 조용히 사라지는게 슬프다. 보는 내내 감동과 사색을 하게 해준 영화,10
163,그린 북,벅차네요.. 최고의 영화입니다! 생각없이 봤다가 한대맞은 기분 ㅠ,10
164,그린 북,간만에 영화다운 영화 봄,10
165,그린 북,어울릴것 같지 않은 반대의 성향을 가진 두사람이콘서트 투어를 떠나면서 생기는 일들을 감동과 재미로 풀어가는 영화 재미와 감동 여운이 남는 영화입니다 가족들과 주말에 함께 보면 좋을것 같아요,10
166,그린 북,깊은 여운에 지금도 빠져있네요. 멋있는 액션, 화려한 cg 없이도 울림은 더더욱 강한 영화입니다.,10
167,그린 북,최고입니다. 2019년 제가 본 영화 베스트 일꺼 같습니다. 우리나라 학부모들도 보고 동남아 2세 아이들에게 편견없이 잘 대해주라고 교육 할수 있는 영화 입니다.,10
168,그린 북,메시지도 훈훈하고 연기도 탁월..흑인카페에서 연주는 감격스럽고 뭉클. 좋은영화입니다!,10
169,그린 북,버릴 장면이 하나도 없다 ㅠㅠ 감동만발,10
170,그린 북,감동적 입니다 마지막 장면 너무 좋네요,10
171,그린 북,그냥 기대 많이 안했어요 그래서 그냥 포스터보고 내용 검색해서 부랴부랴 봤는데 얻어걸린영화가 깊은 여운을 줬네요,10
172,그린 북,dignity always prevails.,10
173,그린 북,이 영화를 보고나서 주변사람들한테 추천해줬는데요. 2019 아카데미 작품상까지 수상했다니 제가 더 기쁘네요. 그나저나 베댓님은 어떻게 딱짚어서 남우조연상까지 아셨나요?,10
174,그린 북,끝나고 여운이 남는 진정한 수작!,9
175,그린 북,10대 자녀들과 함께 봐도 참 좋을 영화입니다,10
176,그린 북,1월 개봉영화 중 최고로 추천합니다.,10
177,그린 북,댓글 단 모든분들께 감사드립니다당신들 덕분에 이 영화를 보았고 영화 덕분에삶의 진정한 가치가 뭔지 배웁니다,10
178,그린 북,근래 본 영화중에 탑이네요. 좋은 영화입니다. 주저리주저리 평을 쓰는 것보다 직접 가서 보고 오시라는 말로 제 평을 대신하고 싶습니다.,10
179,그린 북,마음을 움직이는 영화다,10
180,그린 북,꼭 보시길..잔잔한 감동이 있는 영화.재치있고 따뜻한 대사와 스토리가 보는 내내 웃음과 감동을 줍니다.,10
181,그린 북,이 정도로 재미있을 줄 몰랐습니다... 강추합니다환불은 커녕 돈을 더 내고 싶은마음^^*,10
182,그린 북,상영관이 많았다면 더 좋았을거같음 완벽한 영화,10
183,그린 북,기대이상 재미와 감동을 주는 영화, 오랜만이다,10
184,그린 북,잔잔한 여운이 남는 영화. 올드 아메리카 여행 기분 낼수 있음. 인종차별이 주제라서 요즘시대엔 좀 동떨어지지만 사람 사는 정을 느낄수 있고, 이것은 지금도 마찬가지이니 충분히 공감 가능하다. 배울점은 지혜롭게 살면...,9
185,그린 북,당연한 것이 편견은 아닐까 다시금 생각할 수 있기를. 누군가의 문을 두드릴 용기를 낼 수 있기를.,8
186,그린 북,마음이 따뜻해지는 영화입니다. 사람과의 교류가 얼마나 소중한 것인지 새삼 깨닫게 됩니다.,8
187,그린 북,오랜만에 정말 좋은 영화를 봤네요~~~울림이 크네요~~~,10
188,그린 북,살면서 본 영화중에 가장 가슴에 와닿은 버디무비 였네요. 실화를 바탕으로 한 스토리라서 더 감명 깊게 봤습니다.,10
189,그린 북,길게 말은 잘 못쓰지만.. 진짜 꼭 보세요ㅠㅠ 새해 첫 영화부터 힐링하고 갑니다 ㅎㅎㅎ,10
190,그린 북,마음이 편해지는 영화입니당,10
191,그린 북,그냥 보세요...진짜 최곱니다...재미 감동 모두,10
192,그린 북,그린북 오스카 작품상 축하합니다ㅜ,10
193,그린 북,왜 안 보세요 ? 이렇게 생각이 많아지고 여운이 깊게 남는 영화는 오랜만인데,10
194,그린 북,우리가 봐도 감동인데 미국인들 특히 백인들은 꼭 봐야하는 영화다,10
195,그린 북,두번봐라 세번봐라...,10
196,그린 북,정의와 우정의 콜라보...멋진인생 해피엔딩~~ 보고난후 한동안가슴이 따뜻하였다,10
197,그린 북,별일없지만 엄청난 영화였습니다 왜인지모르지만 공감할 수 있는 지점이 많아서 시간가는줄 몰랐달까요,10
198,그린 북,고전적 스토리텔링을 털 끝 하나 흐뜨러뜨리지 않으며, 한국 영화처럼 반전 강박증도 없지만... 재미와 감동을 고스란히 잡아낸다. 마치 균형잡힌 가치관과 진정성이 빚어내는 모범 답안 같다.,8
199,그린 북,이 영화, 한참 시간이 흐른 뒤 어느날... 명작으로 회자 되겠죠~ 극장에서 보길 참 잘했다고 셀프 칭찬해 봅니다~,10
200,그린 북,당연한듯 받아들여지는 차별이란 불합리한 현상을 쉽게 와닿게 만든 수작. 연기10 연출10 음악10 시나리오10 상영관 늘려주세요!! (무겁고 불편한 소재를 쉽게 와닿게 풀어냈다, 2019년 지금 차별 받는 사람은 누...,10
201,그린 북,진짜 대박 영화임. 기대 일도 안하고 봤는데 사람들 평이 너무 좋아서 아무 내용 보지않고 들어감. 재밌는 부분을 너무 재밌게 잘 연기한 배우님과 내용 모두 백점입니다 !!!! 하루가 행복해진 영화였어요,10
202,그린 북,추천합니다. 흐름이 좋은 영화,10
203,그린 북,갑자기 영화가 너무 보고 싶어서 상영표 보고 볼만할것 같아서 봤는데 두시간이 순삭됐네. 배우들의 연기, 음악, 구성 다 너무 완벽했다. 마지막에 피아노 치면서 끝났으면 10점 줬을듯. 끝나고 친구랑 치킨 먹었다ㅋㅋ,9
204,그린 북,상영관이 너무적어요ㅠㅠ,10
205,그린 북,영화라는 이름이 부끄럽지않은 유일무이한 작품이 탄생하여 감개무량하다. 영화를 처음부터 끝까지 집중할수있게 만들어준 실력자들에게 감사한마음이 다음날까지 지속된다. 이게 영화다!,10
206,그린 북,억지감동이 아닌 진짜감동 입니다. 크리스마스 시즌 영화인데조금늦은듯 . 무언가 기댈곳이 필요하신분 강추,10
207,그린 북,너무 웃어서 130분 금방 지나감 ㅎ,10
208,그린 북,올해 본 영화중 가장 재미있었어요,10
209,그린 북,주변에 강추하겠습니다.,10
210,그린 북,사람이 사람을 차별하는 것은 죄악이다뻔한 스토리 같지만 절대 뻔하지 않은감동의 영화입니다재즈 피아노 선율도 너무 좋았어요,10
211,그린 북,여러가지 생각하게하는 감동주는영화,오랫만에 흡족하게 감상했어요,8
212,그린 북,역대급 인생영화 였습니다.,10
213,그린 북,아무 기대없이 봤다가 감동받고 왔어요. 정말 웰메이드 영화입니다.,10
214,그린 북,영화 후기 처음 남겨요 대사 하나하나 장면 한 컷 한 컷마다 진하게 여운을 주고 재미도 있어요 영화 내리기전에 또 봐야겠어요,10
215,그린 북,이야.. 이 명작을 지금 OCN에서?,10
216,그린 북,흑백 갈등이 역지사지로 풀려가는 느낌,10
217,그린 북,꼭봐야할영화맞습니다.!!!,10
218,그린 북,안봤으면 후회할뻔했어요 두시간 넘게 웃다가 씁쓸하다가 잘봤습니다,10
219,그린 북,보는 내내 즐겁고, 따뜻했어요.,10
220,그린 북,내가 가진 편견들에 대해 더욱 생각해보게 되었다.,10
221,그린 북,명작으로 기억될 영화예요. 상영관 수가 너무 적습니다.,10
222,그린 북,최고예요. 오랜만에 감성을 깨우는 영화였습니다.아내에게 편지도 쓰고싶어져요,10
223,그린 북,이런영화가 흥해야 하는데ㅜㅜ,10
224,그린 북,그린 북' 못보신 분들 꼭 보시면 좋을듯ㅣ해요. 강추!! 따뜻하고, 감동이 있고, 메시지가 있는 영화입니다. 주인공들의 연기도 넘 훌륭해요~^^ 정말 소확행이 된 하루입니다~,8
225,그린 북,인생에 남을 영화 소중한 사람에게 알리고 싶은 영화,10
226,그린 북,편견은 편협에서 나온다.,10
227,그린 북,너무 감동적이었어요!! 2시간이 어떻게 갔는지 모를정도로 몰입도가 좋았어요. 주변인들에게 추천해주고 싶네요. 인종차별에 대해 다시한번 생각해보는 시간이었습니다.,10
228,그린 북,그들의 앵무새 살리기. 10점이 아깝지 않은 영화.,10
229,그린 북,강추강추 나, 다니엘블리이크 이후 첨으로 강추하는 영화입니다.,10
230,그린 북,아라곤 형님 나오신다 보러가자,10
231,그린 북,명작 그자체다 중간중간 웃을수 있는 부분도 있고 완벽한타인따위 저리가라는 명작,10
232,그린 북,아~ 재미있네요~! 케미도 좋고 대사도 좋고~ 분위기 음악~! 주변에 토니 발레롱가 같은 사람 있으면 재밌죠~!,9
233,그린 북,잔잔한데 감동적이고 많은 것들을 생각하게 합니다.,10
234,그린 북,올해 최고의 영화. 생각을 많이 하게 해 주는 영화 입니다.,10
235,그린 북,정말 따뜻하면서 메시지 있고 즐거운 영화였습니다. 새해 첫 영화가 그린북이라 행복합니다,10
236,그린 북,영화보고 KFC 갈뻔했습니다,10
237,그린 북,한마디로 강추. 훌륭한 영화. 어느 영화제건 작품상 / 각본상 / 연기상 후보로 당연.,10
238,그린 북,여러분, 이 영화가 여러분들의 2019년 첫번째 영화가 되길 진심으로 기원합니다,10
239,그린 북,정말 멋진 영화. 이 영화를 보며 반성도 많이 했고 사람들의 인식이 많이 바뀌길 바랍니다. 충격적인건 주인공 토니가 반지의 제왕 아라곤이었네요 ㅎ,10
240,그린 북,유머도 있고 감동도 있어요 중간중간 울컥하면서 봤네요 지루하지 않고 보는내내 입가에 미소가 띄어있었어요! 셜리박사 옷 구경하는 것도 재밌었어요,10
241,그린 북,꿀잼 ㅎㅎ 연기잘함 환불이벤트 근데 솔직히 환불하면 노양심 ㅋㅋ 이런 영화는 돈이 아깝지않다,10
242,그린 북,생각보다 재밌고 유쾌한 영화였습니다. 근래 영화 중 가장 돈이 안 아까운 영화엿어요,10
243,그린 북,대립의 각을 세웠던 두 사람이 친구가 되어가는 과정을 잔잔한 감동으로 풀어갛네요.배우들의 연기도 훌륭했습니다.,8
244,그린 북,왠만해서 글안쓰는데 정말 좋은 영화 봤습니다.. 연기력과 특별할것없는 전개속에서 깨알같은 재미 등등 여러모로 아 영화를 보고 엷은 미소짓는 영화가 얼마만에 본건지... 그리고 음악또한 훌륭하더이다...,10
245,그린 북,솔직히 여기 10점들알바인줄알앗는데 ..속는셈치고봄ㅡ괜찮았음,10
246,그린 북,극한직업도 천만인데 이런영화가 40만이란게 서글프다,10
247,그린 북,와우 !! 좌파 민족영화 흉내내며 눈물 쥐어짜고 1분짜리 씬을 5분까지고 늘리는 한국영화만 보다가 위트있고 깔끔한 그치만 매우 감동적인 영화를 보다. 오늘 사랑하는 사람에게 편지를 써야겠다.,10
248,그린 북,영화를 선물 받은 기분, 두고두고 남을 명작,10
249,그린 북,시대 배경 상 흑인이 환영받지 못한 곳으로 투어를 간다는 것은 대단한 용기를 필요로 하는 일. 흑인의 인권 진보에 기여한 그의 용기에 박수를.,10
250,그린 북,품격이 느껴지는 영화...,10
                                                                                                                                                                                                                                                                                                                                                                                                                                                                                                                                                                                                                                                                                                                                                                                                                                                                                                                                                                                                                                                                                                                                                                                                                                                                                                                                                                                                                                                                                                                                                                                                                                                                                                                                                                                                                                                                                                                                                                                                                                                                                                                                                                                                                                                                                                                                                                                                                                                                                                                                                                                                                                                                                                                                                                                                                                                                                                                                                                                                                                                                                                                                                                                                                                                                                                                                                                                                                                                                                                                                                                                                                                                                                                                                                                                                                                                                                                                                                                                                                                                                                                                                                                                                                                                                                                                                                                                                                                                                                                                                                                                                                                                                                                                                                                                                                                                                                                                                                                                                                                                                                                                                                                                                                                                                                                                                                                                                                                                                                                                                                                                                                                                                                                                                                                                                                                                                                                                                                                                                                                                                                                                                                                                                                                                                                                                                                                                                                                                                                                                                                                                                                                                                                                                                                                                                                                                                                                                                                                                                                                                                                                                                                                                                                                                                                                                                                                                                                                                                                                                                                                                                                                                                                                                                                                                                                                                                                                                                                                                                                                                                                                                                                                                                                                                                                                                                                                                                                                                                                                                                                                                                                                                                                                                                                                                                                                                                                                                                                                                                                                                                                                                                                                                                                                                                                                                                                                                                                                                                                                                                                                                                                                                                                                                                                                                                                                                                                                                                                                                                                                                                                                                                                                                                                                                                                                                                                                                                                                                                                                                                                                                                                                                                                                                                                                                                                                                                                                                                                                                                                                                                                                                                                                                                                                                                                                                                                                                                                                                                                                                                                                                                                                                                                                                                                                                                                                                                                                                                                                                                                                                                                                                                                                                                                                                                                                                                                                                                                                                                                                                                                                                                                                                                                                                                                                                                                                                                                                                                                                                                                                                                                                                                                                                                                                                                                                                                                                                                                                                                                                                                                                                                                                                                                                                                                                                                                                                                                                                                                                                                                                                                                                                                                                                                                                                                                                                                                                                                                                                                                                                                                                                                                                                                                                                                                                                                                                                                                                                                                                                                                                                                                                                                                                                                                                                                                                                                                                                                                                                                                                                                                                                                                                                                                                                                                                                                                                                                                                                                                                                                                                                                                                                                                                                                                                                                                                                                                                                                                                                                                                                                                                                                                                                                                                                                                                                                                                                                                                                                                                                                                                                                                                                                                                                                                                                                                                                                                                                                                                                                                                                                                                                                                                                                                                                                                                                                                                                                                                                                                                                                                                                                                                                                                                                                                                                                                                                                                                                                                                                                                                                                                                                                                                                                                                                                                                                                                                                                                                                                                                                                                                                                                                                                                                                                                                                                                                                                                                                                                                                                                                                                                                                                                                                                                                                                                                                                                                                                                                                                                                                                                                                                                                                                                                                                                                                                                                                                                                                                                                                                                                                                                                                                                                                                                                                                                                                                                                                                                                                                                                                                                                                                                                                                                                                                                                                                                                                                                                                                                                                                                                                                                                                                                                                                                                                                                                                                                                                                                                                                                                                                                                                                                                                                                                                                                                                                                                                                                                                                                                                                                                                                                                                                                                                                                                                                                                                                                                                                                                                                                                                                                                                                                                                                                                                                                                                                                                                                                                                                                                                                                                                                                                                                                                                                                                                                                                                                                                                                                                                                                                                                                                                                                                                                                                                                                                                                                                                                                                                                                                                                                                                                                                                                                                                                                                                                                                                                                                                                                                                                                                                                                                                                                                                                                                                                                                                                                                                                                                                                                                                                                                                                                                                                                                                                                                                                                                                                                                                                                                                                                                                                                                                                                                                                                                                                                                                                                                                                                                                                                                                                                                                                                                                                                                                                                                                                                                                                                                                                                                                                                                                                                                                                                                                                                                                                                                                                                                                                                                                                                                                                                                                                                                                                                                                                                                                                                                                                                                                                                                                                                                                                                                                                                                                                                                                                                                                                                                                                                                                                                                                                                                                                                                                                                                                                                                                                                                                                                                                                                                                                                                                                                                                                                                                                                                                                                                                                                                                                                                                                                                                                                                                                                                                                                                                                                                                                                                                                                                                                                                                                                                                                                                                                                                                                                                                                                                                                                                                                                                                                                                                                                                                                                                                                                                                                                                                                                                                                                                                                                                                                                                                                                                                                                                                                                                                                                                                                                                                                                                                                                                                                                                                                                                                                                                                                                                                                                                                                                                                                                                                                                                                                                                                                                                                                                                                                                                                                                                                                                                                                                                                                                                                                                                                                                                                                                                                                                                                                                                                                                                                                                                                                                                                                                                                                                                                                                                                                                                                                                                                                                                                                                                                                                                                                                                                                                                                                                                                                                                                                                                                                                                                                                                                                                                                                                                                                                                                                                                                                                                                                                                                                                                                                                                                                                                                                                                                                                                                                                                                                                                                                                                                                                                                                                                                                                                                                                                                                                                                                                                                                                                                                                                                                                                                                                                                                                                                                                                                                                                                                                                                                                                                                                                                                                                                                                                                                                                                                                                                                                                                                                                                                                                                                                                                                                                                                                                                                                                                                                                                                                                                                                                                                                                                                                                                                                                                                                                                                                                                                                                                                                                                                                                                                                              469,장민호 드라마 최종회,15회차에 달하는 실제 콘서트의 감동을 영화 한편에 담고자 노력했다 공연장에서 하는 콘서트와는 물론 다르지만 인터뷰가 들어가있어서 더 특별하고 정돈된 사운드가 좋고 가수님 얼굴을 매우 크게 볼수 있다 일주일 내내 매...,10
470,장민호 드라마 최종회,장민호님의 매력이 잘나타고 드라마라는 영화제목에 딱어울리는 최고의 감동과 최고의 드라마,10
471,장민호 드라마 최종회,,10
472,장민호 드라마 최종회,2022년 길이 빛날 영화 눈과 귀가 즐겁고 감동도 함께주는 힐링 영화네요 영상 가득 울리는 멋진 노래와 무대들 콘서트를 직접 보는 듯한 느낌으로 가득한 영화였어요 몇번이고 보고 또 보고 싶은 영화 강추 장민호의 ...,10
473,장민호 드라마 최종회,눈을 뗄 수 없었어요 최고입니다,10
474,장민호 드라마 최종회,콘서트에서 느껬던 감동을 다시한번 느낄수 있는 소중한 시간이었습니다. 최고의 감성보이스에 귀엽고 섹시하고 배려심이 최고인 장민호 님 당신의 편인게 자랑스럽습니다,10
475,장민호 드라마 최종회,,10
476,장민호 드라마 최종회,,10
477,장민호 드라마 최종회,노래 들으면서 진짜 눈물날 뻔 했어요. 진심어린 노래 가사전달..그러면서 밝은 미소 보니까 나도 웃게 되고요. 힐링되는 시간이었어요. 장민호씨 좋아하는 시어머니와 함께 관람 하여 더 의미있었어요.시어머니께서 좋아하셨...,10
478,장민호 드라마 최종회,나이 거꿀로 가는 느와르의 황제삘,8
479,장민호 드라마 최종회,와 장민호 씨 너무 예쁘세요!,1
480,장민호 드라마 최종회,콘서트의 서사가 영화로 가슴깊이 전해진 큰울림이 있는 한편의드라마를보고왔습니다!!! 영화한편으로 단독콘서트의 실황을볼수있어서 너무좋았고 감동이 있는 즐거움을선사해주셔서 감사합니다~~~강추입니다!!!,10
481,장민호 드라마 최종회,펑생소장하고 싶은영화 콘서트와 또 다른감동이 몽글몽글하네요,10
482,장민호 드라마 최종회,장민호 님 드라마최종회 지금도감동이밀려옵니다 25일보고너무아쉬워서26일오늘도 관람하고돌아서니또보고싶습니다 말이필요없는민호님에모든걸사랑하고 응원합니다 노래 춤 걸그룹춤과노래에선 기절하는줄요 사람이아니무니다 천사님께서내...,10
483,장민호 드라마 최종회,장민호 콘서트 드라마 최종회 너무 감동입니다. 마음을 울리는 보이스 울다 웃다 시간이 너무 순삭이었네요 콘서트 현장에 있는듯 했습니다,10
484,장민호 드라마 최종회,장민호 가수의 오랜노력의 결실을보느듯 가창력 춤 퍼포먼스가 최고인듯 찐감동으로 다가온 영화,10
485,장민호 드라마 최종회,내용 알차고 감동 100배.서울 첫 콘서트 보고 온 사람인데요. 그 느낌 그대로 전달되어 또 감동받았어요.민호님의 가창력과 감정에 따른 표정 변화는 스크린에서만 볼 수 있는 매력이랍니다.,10
486,장민호 드라마 최종회,콘서트와 또다른 감동이 있어요.울다가 웃다가 ~스토리가 있는 드라마 최종회 잼있게 잘 봤네요.,10
487,장민호 드라마 최종회,,10
488,장민호 드라마 최종회,하루 2번 상영이 아쉬웠어요상영기간내내?2번씩 봤는데보고 또 봐도 다시 보고싶어요가식없는 무대위 모습 그대로 장민호님을 볼수 있어 너무 좋았습니다이목구비 잘 생김을 또렷이 볼수있어 감사했습니다장민호님이 노래를...,10
489,장민호 드라마 최종회,현장에서도 콘서트를 관람했지만 영화로도 관람하니 감동이 천배입니다 최고의가수 장민호 그대의편이라서 자랑스럽고 행복합니다,10
490,장민호 드라마 최종회,콘서트에서 놓쳤던부분 스크린에서 자세하게보게됐습니다 오늘까지 다섯번봤는데도 아직 모자란듯 볼때마다 감동이느껴 집니다 29 30일 수원cgv통대관 에서도 쭈욱 이어나갈겁니다~~,10
491,장민호 드라마 최종회,이보다 더 감동이 있을까요?다큐지만어떤 명품 영화보다 더 멋드러진감동의 영화~최고의 선물을 주신 장민호 가수님께 깊은 감사를 드립니다,10
492,장민호 드라마 최종회,장민호님 매력에 흠뻑 빠질수 있어요~,10
493,장민호 드라마 최종회,,10
494,장민호 드라마 최종회,,10
495,장민호 드라마 최종회,방송이나 콘서트에서는 볼수 없었던 스크린을 통해서 섬세하게 보여지는 표정과 장민호 님의 깊은 음악적 실력이 한층 깊이 있게 전해져 좋았다,10
496,장민호 드라마 최종회,,10
497,장민호 드라마 최종회,,10
498,장민호 드라마 최종회,,10
499,장민호 드라마 최종회,노래와 이야기가 잘어우러져있으며 감동과 기쁨과 즐거움 을 느낄수있으며 화면속에보이는 민호님 현장에서 보지못했던부분이 더 감동으로다가오고 트로트라는 고정관념을떠나 멋진 구성으로 보는사람의 감성을 자극했다 최고의무대였...,10
500,장민호 드라마 최종회,,10
501,장민호 드라마 최종회,,10
502,장민호 드라마 최종회,궁금해서 봤는데 콘서트실황같이생생하더군요 호감은 있었지만 장민호씨 너무 멋지네요 혼자봤는데도 시간가는줄 몰랐네요 너무재밌게 봤습니다 장민호씨 팬이 됐네요,10
503,장민호 드라마 최종회,,10
504,장민호 드라마 최종회,장민호하면 진정성있고 성실한 가수앞으로의 활동이 기대되는 가수입니다드라마최종회 콘서트의 감동다시한번 느끼며 놓친부분도잘보았고 민호님과 더욱 가까워진느낌이 들어 좋은시간앴어요,10
505,장민호 드라마 최종회,너무 좋아하는 울 민호님의 생생한 모습 볼수 있어서 정말 감동 그 자체였습니다,10
506,장민호 드라마 최종회,넘 멋지신 민호님을 큰화면으로 보니 노래할때 더 진실되게 다가오네요언제나 멋진 민호님 응원합니다,10
507,장민호 드라마 최종회,,10
508,장민호 드라마 최종회,,10
509,장민호 드라마 최종회,콘서트 영상이 짜임새있게 편집이 잘되어있어 재미있게 잘 봤네요~ 자칫 지루할 수 있는데 구성덕에 재밌었어요!,10
510,장민호 드라마 최종회,광주 콘서트가 없어서 정말 서운했는데 대형스크린에서 보니 마치 콘서트장에 있는듯 즐거웠어요 짜임새 있는 구성과 영상에 푹 빠졌어요 잘 만들어진 뮤지컬을 보는듯 시간가는줄 모르고 봤네요 만드시느라 너무 고생 많았고 광...,10
511,장민호 드라마 최종회,,10
512,장민호 드라마 최종회,장민호 명품가수 콘서트 무비.커다란 감동이 가슴 깊이 스며들었답니다.서울 첫콘서트 심쿵했던 그날 그 순간이 오버랩되면서..숨죽이고 몰입하게 만드는 아우라. 영혼 울림 꿀보이스. 절대음감. 가창력. 사랑스럽고 멋진 안...,10
513,장민호 드라마 최종회,시작부터 좋았어요. 보는 내내 즐겁게 감상했습니다. 작년 콘서트 가서 볼때도 넘~~ 좋았는데 영화로 나와 영화관에서 큰 스크린으로 노래 부르는 모습을 보니 더 감동이었습니다. 콘서트를 다시 보는 듯한 기분이 들어서 ...,10
514,장민호 드라마 최종회,우리민호오빠영화드라마최종회어제오늘못보러가고요요번주토요일언아빠차례준비로시장같다가보러갈께요감동받고왔다고해서요저도영화관에서실컷응원하고울다올께요우리민호오빠화이팅,10
515,장민호 드라마 최종회,,10
516,장민호 드라마 최종회,팬들에게 나쁘진 않은 영화겠지만 영화 평점 랭킹1위라 하기에는 평점순위가 너무 부끄럽다,1
517,장민호 드라마 최종회,장민호 안나왔음 좋겠다 노래 개못함,1
518,장민호 드라마 최종회,,10
519,장민호 드라마 최종회,아주 좋은 공연이였습니다. 우리 어머니께서 최고로 감동 하셧습니다.,10
520,장민호 드라마 최종회,장민호 님의 첫 단독콘서트 드라마 뒷이야기를 영화관 스크린으로 뵈어서 콘서트와는 또 다른 감동을 받았습니다 덕분에 힐링합니다 감사합니다,10
521,장민호 드라마 최종회,,10
522,장민호 드라마 최종회,,10
523,장민호 드라마 최종회,,10
524,장민호 드라마 최종회,장민호 드라마 최종회 영화로 나와서 3번 봤는데 4번 더 볼 예정입니다 콘서트도 좋지만 대형스크린으로 입체음향으로 보고 들으니 감동입니다 잘 생긴 외국 영화배우 같고 가창력도 돋보이네요,10
525,장민호 드라마 최종회,7번 보았습니다. 앞으로도 3번을 더 볼 것입니다.트롯 오디션 때보다 훨씬 노래를 잘 부르는 장민호 가수님의 드라마틱한 인생을 단독 콘서트의 테마로 빚어내고 그것을 필름화한 노래, 감동, 재미를 다 있는 영화.,10
526,장민호 드라마 최종회,콘서트 실황이라해서 그냥 한번 보러갔는데장민호 가수의 매력에 흠뻑 빠져서 돌아왔습니다너무 상영시간이 짧다는 느낌이 들고 영화가 끝나서 서운했어요다음엔 콘서트가 열리면 꼭 가서 봐야겠습니다 입덕합니다,10
527,장민호 드라마 최종회,감동과 스토리가 있는 영화! 강추입니다,10
528,장민호 드라마 최종회,마치 콘서트를 보고있는것처럼 몰입해서 봤어요노래잘하시고 인성좋으시고 감동까지 힐링받은것 같아 행복했어요..또 보러갈것 같아요,10
529,장민호 드라마 최종회,,10
530,장민호 드라마 최종회,너무나감동적이고 행복했습니다사랑합니다,10
531,장민호 드라마 최종회,콘서트의 감동을 그대로 느낄수 있어서 너무 좋았습니다 장민호씨가 노래를 잘하는 멋진가수라는 생각이 들었고 또 보고 싶다는 생각을 했습니다 장민호 드라마 최종회 꼭 추천합니다,10
532,장민호 드라마 최종회,콘스트도 너무감동이였는데 영화 또다른 감동ㆍ환희 감사드립니다 인성또한 멋져요,10
533,장민호 드라마 최종회,백문이 불여일견 입니다 꼭 보세요 또 볼겁니다,10
534,장민호 드라마 최종회,장민호 님 꽃길만 가시길 응원합니다,10
535,장민호 드라마 최종회,콘서트에서 가까이 보지 못했던 장민호님을 큰화면으로 맘껏 보았네요 행복한 시간이었어요^^,10
536,장민호 드라마 최종회,,10
537,장민호 드라마 최종회,,10
538,장민호 드라마 최종회,별 반개가 적당,1
539,장민호 드라마 최종회,장민호 드라마 최종회 이 한 편의 영화에 그의 진솔한 이야기가 담겨져있다 콘서트에서 미처 다 읽지못하고 보지못했던 세세한 표정들이 클로즈업되어 노래를 부르는 훤칠한 그의 모습이 시원하다 가슴으로 노래를 부르는 가수...,10
540,장민호 드라마 최종회,,10
541,장민호 드라마 최종회,콘서트의 감동을 다시 느낄수있는 드라마같은 영화 잘봤습니다. 콘서트를 못보신분이라면 보시길 추천드립니다.,10
542,장민호 드라마 최종회,콘서트와 또 다른 감동이네요,10
543,장민호 드라마 최종회,하이 하이 하이문이야~,6
544,장민호 드라마 최종회,,1
545,장민호 드라마 최종회,평점 너무 높음,1
546,장민호 드라마 최종회,별점 깔 생각은 없어서 10점을 주긴하는데.... 역대 영화카테고리 1위목록에 그냥 팬심으로 올려놓은 작품이 있다는게... 아이러니... 괜히 해당 가수가 뭔가 ...,10
547,장민호 드라마 최종회,장민호 드라마 최종회 다양한 장르 불문 감성꿀보이스 가창력 최고 무대 장악력이나 무대 퍼포먼스 최고 독보적인 비주얼 아티스트 장민호 응원합니다,10
548,장민호 드라마 최종회,드라마 최종회 콘스트 감동입니다.,10
549,장민호 드라마 최종회,,10
550,장민호 드라마 최종회,,10
551,장민호 드라마 최종회,,10
552,장민호 드라마 최종회,,10
553,장민호 드라마 최종회,,10
554,장민호 드라마 최종회,,10
555,장민호 드라마 최종회,감동 충만~ 콘서트의 감동이 생생하게 느껴지는최고의 영화입니다.,10
556,장민호 드라마 최종회,장민호 오래세월 잘견디어 지금에자리가 더 빛나는 감동스토리함께울다 웃다 감동입니다,10
557,장민호 드라마 최종회,영화 관람내내 멋진 무대 최고의 가창력이 눈과 귀를 사로 잡았어요감동 그 자체입니다,10
558,장민호 드라마 최종회,장민호 드라마 최종회 영화배우 보다 더 배우같고 가창력 무대 장악력 최고였습니다걸그룹댄스 커버곡 발랄하고 귀엽기까지 만능 엔터테이너 진정 연예인 이십니다 앞으로가 더욱더 기대되는분 응원합니다,10
559,장민호 드라마 최종회,,10
560,장민호 드라마 최종회,영혼의 샤워 시간힐링하고 왔습니다,10
561,장민호 드라마 최종회,스크린에서의 감동은 또다른 추억이네요,10
562,장민호 드라마 최종회,,10
563,장민호 드라마 최종회,드라마 최종회 넘 재밋게 관람했어요콘서트와는 다르게 스크린으로 보니몰입도가 높아 또다른 감동을 느꼈어요 민호님의 호소력있고 감성적인 명불허전 노래와 매력적 음색에 푹 빠져 2시간이 순삭이네요 감동적이고 여운이 남아 ...,10
564,장민호 드라마 최종회,장민호드라마최종회보는내내 감동이었습니다장민호 님 고맙고 감사합니다 영원히 좋은노래 불러주세요,10
565,장민호 드라마 최종회,콘서트와는 또다른 매력이 있네요음향도 좋았고 가까이서 볼수 있어서참 좋았습니다,10
566,장민호 드라마 최종회,넘. 재미와 감동을 주는 한편의 영화입니다강추합니다,10
567,장민호 드라마 최종회,콘서트에서 받은 감동을 다시...장민호의 민능엔터테이너 면모를 확실히 볼 수 콘서트뮤비.,10
568,장민호 드라마 최종회,,10
569,장민호 드라마 최종회,즐거움과 깊은 감동으로 시간이 순삭 지나갔네요가창력과 댄스 역시 장민호 무대를 사로잡는 카리스마와 MC다운 무대 진행실력에 스토리 담긴 무비가슴뭉클한 깊은감동입니다 내일도 감동으로 또 보러갑니다 보고나면 또 보구 싶...,10
570,장민호 드라마 최종회,,1
571,장민호 드라마 최종회,이게 무슨 9.93이야 장난하냐,1
572,장민호 드라마 최종회,v,1
573,장민호 드라마 최종회,,1
574,장민호 드라마 최종회,이런거는 팬들과 그냥 소소하게 간직이나 했으면좋겟네,2
575,장민호 드라마 최종회,평점 알바너무 심함,1
576,장민호 드라마 최종회,뭐 개인의 취향이겠지요,1
577,장민호 드라마 최종회,이게영화?이게영화이게영화이게영화라고?,2
578,장민호 드라마 최종회,노잼.. 시간이 너무 아까웠음,1
579,장민호 드라마 최종회,개봉 5일 차, 코로나 하루 확진자 수보다 총 관람객 수가 적은 데는 다 이유가 있다.,2
580,장민호 드라마 최종회,진짜재미없다.시간낭비 하는것같았다,1
581,장민호 드라마 최종회,가나다라마바사아자차,1
582,장민호 드라마 최종회,,1
583,장민호 드라마 최종회,별 1개가 적당하다 진짜,1
